{"stats":{"minecraft:broken":{"exdeorum:bone_crook":1,"exdeorum:crook":3},"minecraft:killed":{"minecraft:spider":2,"forcecraft:angry_enderman":1,"minecraft:skeleton":10,"minecraft:bee":1,"minecraft:magma_cube":3,"minecraft:creeper":14,"minecraft:trader_llama":6,"minecraft:zombie":12,"minecraft:stray":1,"minecraft:blaze":2,"minecraft:wither_skeleton":3},"minecraft:crafted":{"minecraft:oak_planks":103,"alltheores:constantan_ingot":10,"alltheores:lead_ingot":3,"alltheores:copper_dust":17,"alltheores:iron_ore_hammer":1,"minecraft:sand":1,"alltheores:silver_ore":3,"croptopia:toast":1,"minecraft:stone":64,"exdeorum:unfired_porcelain_crucible":2,"minecraft:diamond_shovel":1,"minecraft:cooked_mutton":101,"alltheores:osmium_ore":25,"minecraft:iron_bars":32,"minecraft:glass":7,"minecraft:bow":4,"minecraft:diamond_leggings":1,"exdeorum:bone_crook":1,"alltheores:aluminum_ore":2,"alltheores:nickel_ore":13,"allthecompressed:sand_1x":304,"minecraft:chest":2,"minecraft:copper_block":2,"alltheores:steel_dust":6,"exdeorum:stone_hammer":108,"mekanism:energy_tablet":6,"exdeorum:porcelain_crucible":2,"cobblefordays:tier_2":1,"powah:blank_card":3,"integrateddynamics:squeezer":1,"rftoolspower:coalgenerator":1,"minecraft:oak_slab":19,"ironjetpacks:jetpack":2,"exdeorum:oak_barrel":1,"minecraft:diamond_axe":1,"minecraft:crafting_table":2,"minecraft:gold_ore":39,"minecraft:baked_potato":38,"minecraft:gravel":130,"minecraft:red_wool":1,"minecraft:moss_block":12,"minecraft:copper_ingot":34,"mekanismtools:stone_paxel":1,"cobblefordays:tier_1":1,"alltheores:lead_ore":3,"exdeorum:oak_crucible":1,"ironjetpacks:capacitor":2,"farmersdelight:cutting_board":1,"minecraft:totem_of_undying":2,"thermal:redstone_servo":1,"exdeorum:flint_mesh":9,"minecraft:stick":102,"minecraft:stone_slab":6,"quark:oak_chest":14,"minecraft:iron_ingot":136,"minecraft:iron_block":1,"exdeorum:compressed_diamond_hammer":1,"minecraft:iron_ore":158,"minecraft:gold_ingot":46,"exdeorum:oak_sieve":9,"farmingforblockheads:market":1,"minecraft:redstone_torch":2,"shrink:shrinking_device":1,"alltheores:constantan_gear":1,"powah:capacitor_basic_tiny":4,"minecraft:shears":1,"powah:dielectric_casing":1,"mekanism:basic_universal_cable":3,"minecraft:stone_shovel":1,"rftoolsbase:machine_frame":1,"mekanismgenerators:wind_generator":3,"alltheores:lead_nugget":1,"minecraft:iron_nugget":18,"minecraft:diamond_hoe":1,"quark:jungle_chest":8,"minecraft:furnace":14,"alltheores:invar_dust":9,"minecraft:stone_button":1,"minecraft:piston":1,"exdeorum:diamond_mesh":4,"ironjetpacks:basic_coil":23,"allthecompressed:cobblestone_1x":925,"buildinggadgets2:gadget_building":1,"minecraft:diamond_block":2,"allthecompressed:gravel_1x":433,"alltheores:copper_ore_hammer":1,"minecraft:terracotta":1,"minecraft:diamond":2,"alltheores:tin_ore":3,"exdeorum:string_mesh":9,"ironjetpacks:strap":2,"minecraft:stone_pickaxe":3,"powah:player_transmitter_starter":2,"alltheores:constantan_dust":5,"alltheores:steel_ingot":6,"minecraft:redstone_block":1,"exdeorum:iron_mesh":4,"ironjetpacks:thruster":4,"powah:dielectric_rod_horizontal":8,"alltheores:nickel_dust":14,"minecraft:red_dye":1,"powah:dielectric_paste":32,"exdeorum:golden_mesh":4,"exdeorum:stone_barrel":1,"simplemagnets:basicmagnet":1,"alltheores:osmium_ingot":23,"exdeorum:diamond_hammer":10,"mekanism:metallurgic_infuser":1,"alltheores:zinc_ore":3,"alltheores:nickel_ingot":21,"pickletweaks:flint_shears":1,"alltheores:invar_ingot":27,"minecraft:bucket":2,"minecraft:copper_ore":77,"exdeorum:compressed_stone_hammer":10,"minecraft:stone_axe":2,"minecraft:air":4727,"minecraft:jungle_planks":64,"exdeorum:crook":3,"minecraft:blue_dye":2,"powah:dielectric_rod":12,"exdeorum:porcelain_clay_ball":19,"powah:aerial_pearl":3,"ironjetpacks:cell":10,"minecraft:cobblestone":285,"minecraft:gold_nugget":9,"minecraft:white_dye":16,"powah:binding_card":3,"alltheores:iron_dust":24,"minecraft:white_bed":2,"powah:capacitor_basic":4,"minecraft:andesite":32,"thermal:device_rock_gen":1},"minecraft:dropped":{"sophisticatedbackpacks:iron_backpack":1,"minecraft:diamond_axe":1,"minecraft:cooked_beef":7,"minecraft:diamond":29,"alltheores:aluminum_ore":7,"minecraft:emerald":4,"ironjetpacks:jetpack":1,"enderio:grains_of_infinity":1,"minecraft:gravel":80,"buildinggadgets2:gadget_building":1,"alltheores:silver_ore":8,"minecraft:oak_planks":1,"minecraft:basalt":13,"minecraft:water_bucket":1,"everlastingabilities:ability_bottle":1,"minecraft:coal":38,"quark:cobblestone_bricks":192,"minecraft:wooden_axe":1,"minecraft:string":23,"minecraft:diamond_sword":1,"powah:binding_card":1,"minecraft:diamond_chestplate":1,"ae2:certus_quartz_dust":1,"exdeorum:diorite_pebble":1,"alltheores:nickel_ore":9,"simplemagnets:basicmagnet":1},"minecraft:custom":{"minecraft:interact_with_crafting_table":219,"minecraft:open_barrel":54,"minecraft:leave_game":19,"minecraft:time_since_death":485,"minecraft:damage_resisted":753,"minecraft:sprint_one_cm":974749,"minecraft:drop":33,"minecraft:talked_to_villager":36,"minecraft:play_time":567573,"minecraft:deaths":7,"minecraft:jump":1854,"minecraft:walk_on_water_one_cm":1471,"minecraft:interact_with_furnace":170,"minecraft:traded_with_villager":6,"minecraft:sleep_in_bed":7,"minecraft:damage_dealt":8961,"minecraft:crouch_one_cm":39050,"tombstone:undead_killed":26,"minecraft:horse_one_cm":222,"minecraft:mob_kills":56,"minecraft:interact_with_anvil":4,"minecraft:damage_dealt_resisted":259,"minecraft:climb_one_cm":1456,"minecraft:walk_one_cm":610647,"minecraft:sneak_time":13383,"minecraft:walk_under_water_one_cm":603,"minecraft:interact_with_blast_furnace":9,"minecraft:total_world_time":632884,"minecraft:time_since_rest":1,"minecraft:damage_taken":7534,"minecraft:fly_one_cm":1148962,"minecraft:open_chest":977,"minecraft:fall_one_cm":198384},"minecraft:used":{"minecraft:diamond_hoe":2,"rftoolspower:coalgenerator":1,"minecraft:chest":2,"allthecompressed:cobblestone_1x":875,"minecraft:jungle_planks":2,"mekanism:basic_universal_cable":7,"integrateddynamics:squeezer":3,"minecraft:lava_bucket":1,"mekanismgenerators:wind_generator":3,"minecraft:iron_helmet":1,"farmersdelight:cutting_board":1,"minecraft:furnace":2,"minecraft:oak_sapling":23,"minecraft:stone_pickaxe":197,"minecraft:oak_planks":2,"minecraft:diamond_axe":219,"minecraft:oak_leaves":1,"minecraft:sand":58,"exdeorum:oak_barrel":2,"minecraft:bread":8,"mekanism:metallurgic_infuser":3,"minecraft:gravel":65,"exdeorum:bone_crook":312,"minecraft:diamond_sword":31,"exdeorum:oak_crucible":1,"minecraft:stripped_oak_wood":1,"exdeorum:compressed_stone_hammer":899,"minecraft:coarse_dirt":286,"exdeorum:compressed_diamond_hammer":561,"quark:jungle_chest":4,"farmingforblockheads:market":1,"exdeorum:crook":384,"powah:player_transmitter_starter":2,"minecraft:torch":4,"minecraft:dirt":3,"cobblefordays:tier_2":1,"mcwfences:sandstone_grass_topped_wall":2,"exdeorum:silk_worm":8,"minecraft:wooden_axe":147,"integrateddynamics:menril_sapling":6,"exdeorum:porcelain_crucible":2,"cobblefordays:tier_1":1,"minecraft:emerald_block":1,"exdeorum:stone_hammer":1379,"tombstone:gift":2,"minecraft:cooked_beef":25,"exdeorum:oak_sieve":31,"minecraft:cooked_mutton":29,"minecraft:wheat_seeds":3,"minecraft:water_bucket":3,"minecraft:iron_ore":4,"minecraft:baked_potato":27,"chipped:flat_andesite_tiles":2,"farmersdelight:dark_oak_cabinet":1,"minecraft:crafting_table":4,"minecraft:white_bed":1,"minecraft:book":4,"exdeorum:dust":6,"minecraft:wooden_hoe":1,"minecraft:apple":1,"minecraft:diamond_shovel":278,"allthecompressed:sand_1x":304,"allthecompressed:gravel_1x":305,"minecraft:stone_axe":80,"minecraft:cobblestone":1310,"minecraft:bucket":24,"quark:oak_chest":15},"minecraft:killed_by":{"minecraft:witch":1,"minecraft:zombie":1,"minecraft:player":2,"minecraft:skeleton":2},"minecraft:mined":{"minecraft:farmland":253,"minecraft:grass_block":6,"integrateddynamics:squeezer":3,"chipped:flat_andesite_tiles":2,"integrateddynamics:menril_log":74,"cobblefordays:tier_1":1,"allthecompressed:sand_1x":304,"minecraft:iron_ore":4,"minecraft:fire":1,"minecraft:dirt_path":1,"exdeorum:oak_sieve":22,"chipped:botanist_workbench":1,"minecraft:torch":18,"minecraft:cobblestone":1300,"minecraft:oak_planks":1,"minecraft:wheat":1,"exdeorum:dust":6,"minecraft:stripped_oak_wood":1,"integrateddynamics:menril_log_filled":1,"minecraft:grass":1,"minecraft:oak_log":62,"exdeorum:oak_barrel":1,"minecraft:sand":58,"minecraft:dirt":4,"allthecompressed:cobblestone_1x":993,"integrateddynamics:menril_leaves":64,"mekanism:basic_universal_cable":1,"minecraft:oak_leaves":308,"integrateddynamics:menril_sapling":1,"minecraft:nether_bricks":3,"minecraft:jungle_planks":2,"minecraft:cherry_wood":2,"farmersdelight:dark_oak_cabinet":1,"quark:oak_chest":3,"exdeorum:infested_leaves":477,"minecraft:crafting_table":3,"allthecompressed:gravel_1x":305,"mcwfences:sandstone_grass_topped_wall":2,"mekanism:metallurgic_infuser":2,"minecraft:coarse_dirt":28,"productivebees:oak_wood_nest":4,"minecraft:bee_nest":1,"minecraft:gravel":65},"minecraft:picked_up":{"minecraft:wooden_axe":1,"exdeorum:mycelium_spores":34,"minecraft:wheat":15,"exdeorum:dust":2774,"minecraft:chainmail_boots":2,"minecraft:lead":12,"minecraft:diamond_sword":1,"minecraft:enchanted_book":4,"exdeorum:iron_ore_chunk":809,"exdeorum:stone_hammer":4,"exdeorum:grass_seeds":58,"minecraft:string":228,"integrateddynamics:menril_log":155,"alltheores:silver_ore":8,"mysticalagriculture:inferium_essence":10,"cobblefordays:tier_1":1,"mekanism:basic_universal_cable":1,"integrateddynamics:menril_sapling":11,"chipped:flat_andesite_tiles":2,"minecraft:rose_bush":1,"minecraft:azalea":2,"buildinggadgets2:gadget_building":1,"minecraft:iron_pickaxe":2,"xycraft_world:xychorium_gem_green":132,"wstweaks:fragment":12,"minecraft:iron_boots":1,"minecraft:tipped_arrow":1,"minecraft:stick":196,"apotheosis:gem":4,"minecraft:big_dripleaf":1,"minecraft:torch":19,"tombstone:grave_dust":5,"minecraft:pointed_dripstone":10,"minecraft:stone_sword":1,"minecraft:cactus":1,"minecraft:rotten_flesh":4,"exdeorum:tin_ore_chunk":579,"minecraft:iron_block":61,"minecraft:blaze_rod":10,"minecraft:blaze_powder":126,"minecraft:cobblestone":1976,"exdeorum:osmium_ore_chunk":322,"minecraft:pink_petals":18,"exdeorum:basalt_pebble":80,"minecraft:jungle_pressure_plate":128,"minecraft:jungle_log":64,"enderio:grains_of_infinity":211,"minecraft:potato":87,"minecraft:flint":1004,"minecraft:lapis_lazuli":529,"exdeorum:nickel_ore_chunk":417,"minecraft:dirt":264,"minecraft:bone":10,"minecraft:wheat_seeds":39,"minecraft:small_dripleaf":3,"everlastingabilities:ability_totem":10,"forcecraft:pile_of_gunpowder":3,"pneumaticcraft:stop_worm":1,"minecraft:diamond_helmet":1,"minecraft:glowstone_dust":228,"minecraft:bamboo":17,"alltheores:nickel_ore":19,"minecraft:oak_planks":6,"mekanism:metallurgic_infuser":2,"forbidden_arcanus:growing_edelwood":4,"xycraft_world:xychorium_gem_red":94,"minecraft:poisonous_potato":1,"exdeorum:flint_mesh":4,"minecraft:jungle_planks":2,"minecraft:sand":2746,"integrateddynamics:squeezer":3,"sophisticatedbackpacks:iron_backpack":2,"xycraft_world:xychorium_gem_dark":104,"xycraft_world:xychorium_gem_light":105,"exdeorum:diamond_mesh":4,"minecraft:clay":18,"minecraft:diamond":135,"minecraft:crossbow":2,"minecraft:bone_meal":242,"minecraft:chainmail_helmet":1,"exdeorum:copper_ore_chunk":548,"minecraft:emerald":180,"minecraft:oak_sapling":66,"minecraft:oak_leaves":55,"minecraft:nether_star":1,"exdeorum:gold_ore_chunk":374,"minecraft:coarse_dirt":31,"minecraft:crafting_table":3,"minecraft:clay_ball":31,"minecraft:turtle_helmet":2,"exdeorum:oak_barrel":1,"exdeorum:blackstone_pebble":81,"exdeorum:string_mesh":9,"exdeorum:granite_pebble":90,"integrateddynamics:menril_berries":68,"exdeorum:iron_mesh":4,"exdeorum:zinc_ore_chunk":369,"minecraft:jungle_sapling":3,"minecraft:iron_nugget":59,"exdeorum:compressed_stone_hammer":1,"alltheores:aluminum_ore":7,"allthecompressed:cobblestone_1x":143,"minecraft:sugar_cane":1,"minecraft:birch_sapling":1,"minecraft:egg":5,"minecraft:raw_iron":11,"ars_nouveau:purple_archwood_sapling":1,"chipped:botanist_workbench":1,"minecraft:white_dye":16,"minecraft:carrot":99,"mcwfences:sandstone_grass_topped_wall":2,"minecraft:redstone":246,"exdeorum:silk_worm":9,"minecraft:arrow":66,"minecraft:diamond_chestplate":2,"xycraft_world:xychorium_gem_blue":108,"ae2:certus_quartz_dust":175,"exdeorum:diorite_pebble":67,"minecraft:nether_bricks":3,"productivebees:oak_wood_nest":6,"minecraft:diamond_boots":1,"everlastingabilities:ability_bottle":2,"exdeorum:andesite_pebble":73,"minecraft:glow_berries":2,"minecraft:white_wool":13,"minecraft:jungle_boat":1,"minecraft:basalt":57,"pneumaticcraft:spawner_agitator":1,"minecraft:leather":8,"forcecraft:force_gem":232,"minecraft:oak_log":126,"minecraft:golden_boots":1,"minecraft:gunpowder":254,"ae2:sky_dust":174,"minecraft:apple":13,"exdeorum:oak_sieve":22,"exdeorum:stone_pebble":2331,"minecraft:spore_blossom":4,"minecraft:iron_ingot":53,"minecraft:stone_pickaxe":1,"minecraft:stripped_oak_wood":1,"farmersdelight:dark_oak_cabinet":1,"minecraft:acacia_sapling":1,"allthecompressed:sand_1x":2,"exdeorum:deepslate_pebble":679,"minecraft:emerald_block":1,"exdeorum:lead_ore_chunk":414,"allthecompressed:gravel_1x":1,"ars_nouveau:red_archwood_sapling":1,"minecraft:gravel":9236,"minecraft:lava_bucket":1,"integrateddynamics:menril_log_filled":12,"minecraft:amethyst_shard":292,"minecraft:spruce_sapling":2,"exdeorum:silver_ore_chunk":452,"quark:oak_chest":3,"minecraft:spider_eye":4,"forbidden_arcanus:arcane_crystal":90,"exdeorum:aluminum_ore_chunk":423,"minecraft:stone_axe":1,"minecraft:chainmail_leggings":1,"minecraft:iron_helmet":1,"minecraft:diamond_axe":2,"minecraft:cherry_sapling":1,"minecraft:mangrove_propagule":1,"minecraft:coal":724,"minecraft:ender_pearl":3}},"DataVersion":3465}