{"stats":{"minecraft:used":{"minecraft:oak_fence":1,"minecraft:sunflower":1,"minecraft:stone_pickaxe":30,"allthecompressed:gravel_1x":2,"minecraft:cherry_button":1,"minecraft:torch":3,"minecraft:dirt":2,"ars_elemental:spore_blossom_up":1,"exdeorum:stone_hammer":3,"minecraft:crafting_table":1,"minecraft:oak_sapling":1,"tombstone:gift":4,"minecraft:cooked_beef":2},"minecraft:mined":{"minecraft:pink_petals":1,"minecraft:wheat":2,"minecraft:oak_fence":1,"allthecompressed:gravel_1x":2,"minecraft:grass_block":1,"minecraft:rose_bush":4,"minecraft:dirt":3,"minecraft:sunflower":4,"minecraft:pink_tulip":1,"minecraft:cherry_wood":6,"minecraft:wall_torch":4,"ars_elemental:spore_blossom_up":1},"minecraft:killed_by":{"minecraft:player":3},"minecraft:picked_up":{"exdeorum:basalt_pebble":22,"exdeorum:deepslate_pebble":17,"allthecompressed:gravel_1x":2,"minecraft:oak_fence":1,"minecraft:torch":3,"minecraft:dirt":2,"exdeorum:blackstone_pebble":13,"exdeorum:granite_pebble":15,"ars_elemental:spore_blossom_up":1,"exdeorum:diorite_pebble":13,"ftbquests:book":1,"exdeorum:stone_pebble":102,"minecraft:cherry_wood":6,"minecraft:rose_bush":2,"minecraft:pink_tulip":1,"exdeorum:andesite_pebble":11,"minecraft:oak_sapling":1,"minecraft:sunflower":3},"minecraft:crafted":{"minecraft:granite":2,"minecraft:cherry_planks":6,"minecraft:basalt":4,"minecraft:cobblestone":25,"minecraft:crafting_table":1,"minecraft:stick":2,"minecraft:cobbled_deepslate":2,"minecraft:wooden_pickaxe":1,"minecraft:blackstone":2,"minecraft:stone_pickaxe":1,"minecraft:cherry_button":1,"minecraft:andesite":2,"exdeorum:stone_hammer":1,"minecraft:diorite":3,"minecraft:air":75},"minecraft:custom":{"minecraft:time_since_rest":3700,"minecraft:sprint_one_cm":42438,"minecraft:damage_taken":2422,"minecraft:walk_one_cm":37722,"minecraft:damage_dealt":1642,"minecraft:interact_with_crafting_table":3,"minecraft:fly_one_cm":37434,"minecraft:player_kills":6,"minecraft:open_barrel":1,"minecraft:open_chest":2,"minecraft:crouch_one_cm":4143,"minecraft:play_time":24286,"minecraft:deaths":7,"minecraft:sneak_time":1556,"minecraft:jump":252,"minecraft:leave_game":6,"minecraft:time_since_death":5545,"minecraft:total_world_time":24286,"minecraft:climb_one_cm":24,"minecraft:fall_one_cm":317932}},"DataVersion":3465}