{"stats":{"minecraft:broken":{"minecraft:leather_helmet":1,"minecraft:iron_axe":2,"minecraft:wooden_hoe":1,"minecraft:stone_shovel":3},"minecraft:killed":{"forcecraft:angry_enderman":1,"minecraft:skeleton":183,"minecraft:chicken":1,"minecraft:skeleton_horse":1,"minecraft:cat":3,"minecraft:magma_cube":1,"minecraft:iron_golem":19,"minecraft:zombie":200,"minecraft:cow":31,"minecraft:vindicator":1,"minecraft:wandering_trader":18,"minecraft:enderman":7,"minecraft:zombified_piglin":6,"minecraft:witch":5,"minecraft:spider":55,"minecraft:wither":1,"minecraft:bee":3,"forcecraft:ender_tot":1,"minecraft:piglin_brute":1,"minecraft:piglin":1,"minecraft:zombie_villager":2,"minecraft:creeper":159,"minecraft:sheep":25,"minecraft:trader_llama":33,"minecraft:stray":1,"minecraft:blaze":20,"minecraft:phantom":5,"forcecraft:creeper_tot":2,"minecraft:wither_skeleton":34},"minecraft:crafted":{"botania:green_petal":18,"minecraft:smooth_stone":44,"exdeorum:iron_hammer":2,"minecraft:cactus":1,"silentgear:axe":1,"botania:purple_petal":23,"quark:dark_oak_bookshelf":1,"botania:mana_pool":1,"minecraft:diamond_shovel":3,"minecraft:bookshelf":7,"patchouli:guide_book":1,"allthecompressed:cobbled_deepslate_1x":7,"minecraft:granite":158,"botania:red_petal":17,"minecraft:glass":7,"minecraft:diamond_helmet":3,"botania:twig_wand":1,"minecraft:diamond_leggings":2,"minecraft:beacon":1,"minecraft:tipped_arrow":35,"silentgear:netherwood_planks":10,"botania:light_gray_petal":16,"botania:manasteel_helmet":1,"botania:manasteel_shovel":1,"minecraft:emerald":1026,"minecraft:diamond_axe":4,"botania:manaweave_boots":1,"minecraft:jungle_boat":3,"minecraft:jungle_pressure_plate":32,"minecraft:smithing_table":1,"minecraft:moss_block":4,"minecraft:copper_ingot":79,"minecraft:fletching_table":7,"botania:livingwood_twig":10,"botania:runic_altar":2,"minecraft:lectern":1,"minecraft:wooden_hoe":1,"botania:mana_tablet":1,"botania:manaweave_leggings":1,"minecraft:stone_slab":6,"quark:oak_chest":6,"minecraft:iron_block":3,"minecraft:gold_ingot":8,"minecraft:composter":6,"botania:manasteel_leggings":1,"minecraft:stone_shovel":15,"croptopia:cooking_pot":1,"minecraft:pointed_dripstone":10,"minecraft:cobbled_deepslate":136,"quark:jungle_chest":25,"botania:blue_petal":20,"minecraft:bone_meal":66,"allthecompressed:cobblestone_1x":90,"botania:black_petal":20,"sophisticatedstorage:copper_chest":5,"minecraft:basalt":149,"minecraft:diamond":5,"alltheores:tin_ore":1,"botania:white_petal":24,"minecraft:stone_pickaxe":2,"minecraft:diamond_boots":3,"botania:aura_ring":1,"silentgear:sword":1,"botania:light_blue_petal":16,"minecraft:dark_oak_planks":599,"botania:pink_petal":18,"minecraft:coal_block":1,"minecraft:enchanting_table":1,"botania:mana_spreader":1,"thermal:rubberwood_sapling":1,"minecraft:lily_pad":2,"exdeorum:compressed_stone_hammer":2,"minecraft:glowstone":5,"minecraft:enchanted_book":8,"minecraft:jungle_slab":36,"exdeorum:crook":2,"minecraft:cobblestone":581,"minecraft:golden_apple":1,"minecraft:chainmail_boots":18,"minecraft:blackstone":113,"minecraft:white_bed":6,"productivebees:oak_wood_nest":1,"minecraft:grindstone":1,"minecraft:oak_planks":157,"botania:livingwood_planks":4,"minecraft:cobblestone_slab":21,"botania:manaweave_chestplate":1,"botania:manasteel_boots":1,"sophisticatedstorage:gold_chest":6,"minecraft:stone":96,"botania:gray_petal":13,"productivebees:spawn_egg_bumble_bee":1,"minecraft:hopper":5,"minecraft:bow":1,"minecraft:iron_boots":10,"botania:lens_normal":1,"minecraft:chest":19,"botania:manaweave_helmet":1,"minecraft:stone_hoe":4,"minecraft:ender_eye":3,"exdeorum:stone_hammer":37,"sophisticatedstorage:diamond_chest":4,"minecraft:oak_slab":132,"botania:cyan_petal":23,"minecraft:arrow":192,"minecraft:cauldron":7,"minecraft:crafting_table":11,"minecraft:gold_ore":72,"minecraft:baked_potato":123,"minecraft:wooden_pickaxe":1,"minecraft:chainmail_chestplate":12,"botania:mana_ring":1,"botania:manasteel_ingot":1,"botania:lime_petal":13,"minecraft:diorite":127,"minecraft:dark_oak_slab":516,"minecraft:string":1,"minecraft:emerald_block":22,"minecraft:book":10,"minecraft:paper":23,"minecraft:diamond_pickaxe":1,"minecraft:stick":3737,"minecraft:iron_ingot":168,"minecraft:stone_sword":1,"minecraft:iron_ore":63,"botania:apothecary_default":1,"minecraft:redstone_torch":9,"minecraft:trident":1,"minecraft:coarse_dirt":180,"botania:brown_petal":23,"minecraft:fishing_rod":1,"sophisticatedstorage:iron_chest":6,"minecraft:blast_furnace":3,"minecraft:furnace":11,"minecraft:dark_oak_trapdoor":9,"supplementaries:globe":1,"minecraft:oak_trapdoor":48,"minecraft:flint_and_steel":1,"quark:jungle_ladder":24,"quark:dark_oak_chest":10,"botania:manaweave_cloth":30,"minecraft:blue_ice":1,"botania:manasteel_chestplate":1,"functionalstorage:oak_1":16,"minecraft:red_dye":15,"botania:fertilizer":92,"minecraft:diamond_sword":2,"minecraft:brown_mushroom":5,"botania:yellow_petal":15,"minecraft:skeleton_skull":3,"minecraft:copper_ore":32,"minecraft:bucket":4,"minecraft:stone_axe":30,"minecraft:bread":24,"minecraft:air":29787,"minecraft:jungle_planks":159,"minecraft:blue_dye":146,"botania:orange_petal":15,"sophisticatedstorage:chest":7,"minecraft:white_wool":13,"minecraft:white_dye":208,"forbidden_arcanus:aurum_sapling":1,"botania:manasteel_axe":1,"botania:magenta_petal":12,"minecraft:anvil":1,"forbidden_arcanus:aurum_planks":60,"minecraft:andesite":103,"minecraft:torch":48,"minecraft:diamond_chestplate":4},"minecraft:dropped":{"sophisticatedbackpacks:iron_backpack":2,"exdeorum:basalt_pebble":16,"minecraft:iron_sword":2,"minecraft:diamond":249,"minecraft:spore_blossom":1,"minecraft:glass_bottle":2,"exdeorum:zinc_ore_chunk":1,"minecraft:dark_oak_slab":68,"minecraft:fletching_table":2,"everlastingabilities:ability_totem":11,"botania:mana_pearl":2,"minecraft:emerald":143,"exdeorum:gold_ore_chunk":2,"minecraft:dirt":2,"minecraft:jungle_sapling":1,"exdeorum:crook":1,"minecraft:iron_pickaxe":3,"exdeorum:lead_ore_chunk":2,"minecraft:bone":46,"pneumaticcraft:spawner_agitator":1,"minecraft:stone_axe":35,"minecraft:sugar_cane":1,"botania:aura_ring":1,"minecraft:cobbled_deepslate":8,"minecraft:wheat":13,"minecraft:rotten_flesh":45,"exdeorum:silver_ore_chunk":2,"botania:manasteel_ingot":5,"silentgear:sword":2,"forbidden_arcanus:zombie_arm":1,"mysticalagriculture:inferium_essence":41,"minecraft:jungle_log":64,"apotheosis:gem":3,"botania:mana_powder":1,"minecraft:leather_boots":1,"minecraft:acacia_sapling":1,"reliquary:zombie_heart":1,"minecraft:egg":2,"minecraft:enchanted_book":6,"minecraft:iron_ingot":172,"minecraft:wheat_seeds":950,"exdeorum:deepslate_pebble":5,"minecraft:iron_helmet":3,"minecraft:cobblestone":554,"minecraft:apple":8,"minecraft:granite":28,"everlastingabilities:ability_bottle":2,"silentgear:sinew":9,"minecraft:chainmail_helmet":4,"minecraft:coal_block":1,"minecraft:lava_bucket":2,"minecraft:jungle_slab":4,"exdeorum:silk_worm":3,"minecraft:diamond_helmet":3,"forbidden_arcanus:growing_edelwood":2,"allthecompressed:sand_1x":2,"minecraft:string":230,"reliquary:rib_bone":1,"minecraft:spruce_sapling":1,"minecraft:stone_sword":2,"minecraft:stone_shovel":9,"minecraft:iron_boots":11,"botania:mana_tablet":4,"minecraft:diamond_sword":1,"minecraft:potato":1381,"botania:pure_daisy":1,"minecraft:bundle":2,"productivebees:oak_wood_nest":6,"exdeorum:diorite_pebble":2,"minecraft:spider_eye":9,"minecraft:bow":9,"exdeorum:blackstone_pebble":14,"botania:blue_petal":2,"minecraft:brown_mushroom":11,"minecraft:diamond_axe":4,"minecraft:nether_star":1,"minecraft:ender_pearl":2,"minecraft:dark_oak_sapling":55,"botania:cyan_petal":2,"botania:livingrock":83,"silentgear:axe":1,"reliquary:chelicerae":1,"minecraft:flint":6,"minecraft:ice":1,"botania:white_petal":13,"ftbquests:book":1,"minecraft:gold_ingot":1,"minecraft:gravel":576,"minecraft:blackstone":4,"sophisticatedstorage:basic_tier_upgrade":1,"ars_nouveau:purple_archwood_sapling":1,"minecraft:pointed_dripstone":10,"patchouli:guide_book":1,"minecraft:chainmail_chestplate":14,"minecraft:poppy":6,"supplementaries:ash":4,"exdeorum:crushed_deepslate":9,"minecraft:turtle_helmet":2,"minecraft:trident":1,"minecraft:gunpowder":7,"minecraft:azalea":1,"minecraft:chainmail_boots":27,"productivebees:jungle_wood_nest":1,"minecraft:arrow":64,"minecraft:iron_ore":6,"minecraft:basalt":27,"ars_nouveau:red_archwood_sapling":1,"minecraft:stone_hoe":3,"minecraft:oak_slab":3,"minecraft:diamond_leggings":2,"minecraft:poisonous_potato":68,"minecraft:lead":2,"forcecraft:pile_of_gunpowder":13,"exdeorum:iron_ore_chunk":5,"exdeorum:osmium_ore_chunk":1,"minecraft:stick":2085,"minecraft:iron_block":63,"reliquary:withered_rib":2,"minecraft:diorite":1,"minecraft:torch":1,"pneumaticcraft:stop_worm":1,"tombstone:grave_dust":4,"minecraft:iron_axe":2,"minecraft:cactus":1,"exdeorum:stone_pebble":72,"minecraft:jungle_pressure_plate":128,"minecraft:coarse_dirt":5,"minecraft:shield":1,"minecraft:diamond_chestplate":3,"exdeorum:tin_ore_chunk":3,"minecraft:iron_chestplate":2,"minecraft:andesite":16,"minecraft:diamond_boots":3,"minecraft:stone_pickaxe":1,"minecraft:wooden_pickaxe":1,"exdeorum:stone_hammer":17},"minecraft:custom":{"minecraft:interact_with_crafting_table":193,"minecraft:open_barrel":28,"minecraft:leave_game":7,"minecraft:time_since_death":223051,"minecraft:damage_blocked_by_shield":380,"minecraft:play_time":1056432,"minecraft:deaths":19,"minecraft:jump":7391,"tombstone:kill_undead_boss":1,"minecraft:interact_with_furnace":94,"minecraft:traded_with_villager":1174,"minecraft:sleep_in_bed":16,"minecraft:damage_dealt":95688,"tombstone:undead_killed":433,"minecraft:use_cauldron":20,"minecraft:horse_one_cm":11,"minecraft:interact_with_anvil":6,"minecraft:inspect_hopper":7,"minecraft:damage_dealt_absorbed":80,"minecraft:sneak_time":131405,"minecraft:interact_with_blast_furnace":33,"minecraft:total_world_time":1062070,"tombstone:raider_killed":11,"minecraft:time_since_rest":27555,"minecraft:swim_one_cm":9919,"minecraft:fly_one_cm":4750774,"minecraft:open_chest":1166,"minecraft:fall_one_cm":2129022,"minecraft:animals_bred":71,"minecraft:damage_resisted":158,"minecraft:sprint_one_cm":1774706,"minecraft:drop":860,"minecraft:talked_to_villager":294,"minecraft:walk_on_water_one_cm":69397,"minecraft:interact_with_beacon":3,"minecraft:player_kills":3,"minecraft:crouch_one_cm":527129,"tombstone:villager_killed":18,"minecraft:mob_kills":827,"minecraft:fill_cauldron":2,"minecraft:damage_dealt_resisted":896,"minecraft:climb_one_cm":19055,"minecraft:walk_one_cm":1778191,"minecraft:walk_under_water_one_cm":48646,"minecraft:interact_with_grindstone":2,"minecraft:damage_taken":35134,"minecraft:damage_absorbed":2589},"minecraft:used":{"silentgear:sword":114,"botania:white_petal":1,"minecraft:chest":19,"minecraft:stone":104,"minecraft:rotten_flesh":3,"minecraft:soul_sand":15,"minecraft:jungle_slab":222,"minecraft:stripped_spruce_log":2,"minecraft:jungle_sapling":12,"minecraft:lava_bucket":28,"minecraft:grass_block":1053,"minecraft:dark_oak_slab":5598,"minecraft:bow":103,"minecraft:oak_sapling":21,"minecraft:furnace":2,"minecraft:egg":10,"minecraft:potato":622,"minecraft:diorite":175,"botania:gray_mystical_flower":13,"minecraft:cactus":2,"minecraft:blackstone":124,"minecraft:composter":21,"minecraft:jungle_boat":5,"minecraft:oak_leaves":1,"minecraft:dark_oak_trapdoor":275,"minecraft:sand":7,"exdeorum:iron_hammer":135,"minecraft:blast_furnace":5,"minecraft:birch_slab":6,"sophisticatedstorage:basic_to_iron_tier_upgrade":1,"minecraft:lectern":2,"sophisticatedstorage:chest":2,"sophisticatedstorage:gold_to_diamond_tier_upgrade":2,"minecraft:diamond_sword":288,"botania:pure_daisy":11,"minecraft:smithing_table":2,"thermal:rubberwood_sapling":1,"minecraft:oak_trapdoor":97,"minecraft:enchanting_table":1,"minecraft:stone_sword":29,"botania:black_mystical_flower":20,"exdeorum:crook":241,"productivebees:spawn_egg_bumble_bee":1,"minecraft:stick":3,"minecraft:torch":274,"minecraft:anvil":2,"silentgear:netherwood_sapling":1,"minecraft:nether_brick_stairs":2,"minecraft:iron_axe":393,"minecraft:jungle_log":14,"sophisticatedstorage:diamond_chest":8,"minecraft:basalt":123,"botania:mana_pool":1,"tombstone:gift":11,"minecraft:cobbled_deepslate":57,"minecraft:cherry_log":106,"minecraft:pointed_dripstone":10,"minecraft:wheat_seeds":7,"minecraft:water_bucket":246,"botania:mana_spreader":8,"minecraft:cauldron":7,"minecraft:fletching_table":16,"minecraft:oak_slab":632,"minecraft:crafting_table":12,"forbidden_arcanus:aurum_sapling":6,"silentgear:axe":99,"minecraft:white_bed":24,"botania:apothecary_default":1,"minecraft:diamond_pickaxe":253,"minecraft:sunflower":4,"minecraft:iron_pickaxe":263,"tombstone:magic_scroll":4,"minecraft:cobblestone":3936,"sophisticatedstorage:iron_chest":1,"quark:oak_chest":2,"minecraft:cherry_sapling":4,"quark:jungle_ladder":21,"minecraft:decorated_pot":1,"minecraft:shield":7,"minecraft:iron_sword":316,"minecraft:zombie_spawn_egg":6,"allthecompressed:cobblestone_1x":90,"supplementaries:globe":2,"minecraft:jungle_planks":95,"minecraft:carrot":1,"minecraft:obsidian":12,"botania:runic_altar":4,"minecraft:dark_oak_sapling":296,"quark:dark_oak_ladder":3,"minecraft:diamond_boots":1,"minecraft:wither_skeleton_skull":3,"minecraft:stone_pickaxe":137,"minecraft:oak_planks":10,"minecraft:diamond_axe":3996,"minecraft:sugar_cane":28,"botania:fertilizer":92,"sophisticatedbackpacks:backpack":1,"easy_villagers:villager":9,"minecraft:dark_oak_log":6,"minecraft:bread":31,"minecraft:string":2,"croptopia:toast":6,"minecraft:grindstone":1,"minecraft:andesite":116,"exdeorum:compressed_stone_hammer":139,"minecraft:coarse_dirt":1062,"botania:hydroangeas":66,"cookingforblockheads:sink":1,"minecraft:trident":493,"minecraft:rose_bush":3,"sophisticatedbackpacks:iron_backpack":1,"minecraft:flint_and_steel":1,"minecraft:stone_shovel":997,"quark:jungle_chest":5,"minecraft:stone_hoe":39,"sophisticatedstorage:gold_chest":2,"minecraft:dirt":627,"minecraft:hopper":26,"botania:twig_wand":84,"botania:purple_mystical_flower":23,"exdeorum:silk_worm":2,"minecraft:granite":149,"minecraft:dark_oak_planks":475,"minecraft:bookshelf":10,"minecraft:iron_boots":1,"minecraft:emerald_block":22,"exdeorum:stone_hammer":825,"minecraft:cooked_beef":23,"forbidden_arcanus:zombie_arm":84,"minecraft:iron_ore":1,"minecraft:baked_potato":79,"minecraft:beacon":1,"minecraft:cobblestone_slab":255,"minecraft:spider_eye":1,"botania:red_mystical_flower":17,"exdeorum:dust":1,"minecraft:wooden_hoe":10,"minecraft:apple":6,"botania:manasteel_axe":1,"minecraft:stone_axe":379,"minecraft:pink_petals":2,"allthecompressed:cobbled_deepslate_1x":1,"minecraft:bucket":145},"minecraft:killed_by":{"minecraft:witch":2,"minecraft:player":4},"minecraft:mined":{"minecraft:dark_oak_planks":46,"botania:red_mystical_flower":22,"minecraft:cherry_log":4,"minecraft:jungle_leaves":56,"minecraft:obsidian":16,"minecraft:granite":77,"botania:livingwood_log":74,"minecraft:jungle_log":233,"botania:black_double_flower":20,"minecraft:hopper":9,"minecraft:nether_wart":20,"botania:light_gray_mystical_flower":19,"botania:purple_mystical_flower":24,"minecraft:cobbled_deepslate":10,"supplementaries:globe":2,"minecraft:fletching_table":11,"minecraft:nether_brick_stairs":2,"minecraft:dirt_path":380,"botania:brown_mystical_flower":26,"botania:light_blue_mystical_flower":19,"minecraft:tripwire":2,"botania:green_mystical_flower":19,"allthecompressed:cobbled_deepslate_1x":1,"minecraft:torch":31,"sophisticatedstorage:diamond_chest":2,"minecraft:blast_furnace":2,"botania:purple_double_flower":23,"minecraft:dead_bush":64,"minecraft:sugar_cane":56,"botania:black_mystical_flower":20,"minecraft:wheat":7,"exdeorum:dust":1,"minecraft:grass":4,"allthecompressed:cobblestone_1x":163,"sophisticatedstorage:iron_chest":1,"minecraft:dark_oak_log":181,"minecraft:jungle_planks":31,"botania:magenta_mystical_flower":15,"minecraft:jungle_sapling":4,"minecraft:andesite":23,"minecraft:vine":1,"minecraft:potatoes":8,"minecraft:cobblestone_slab":20,"minecraft:smithing_table":1,"minecraft:oak_slab":400,"botania:lime_mystical_flower":14,"minecraft:soul_sand":21,"quark:oak_chest":1,"exdeorum:infested_leaves":118,"productivebees:jungle_wood_nest":1,"minecraft:diorite":97,"minecraft:coarse_dirt":41,"productivebees:oak_wood_nest":6,"botania:white_mystical_flower":26,"minecraft:sunflower":3,"botania:gray_mystical_flower":14,"minecraft:farmland":407,"minecraft:jungle_slab":103,"minecraft:grass_block":48,"sophisticatedbackpacks:iron_backpack":1,"minecraft:composter":15,"minecraft:iron_ore":1,"minecraft:anvil":1,"minecraft:pointed_dripstone":3,"sophisticatedstorage:chest":1,"supplementaries:stick":2,"botania:orange_mystical_flower":18,"minecraft:blackstone":23,"minecraft:chest":2,"minecraft:cobblestone":1043,"botania:blue_mystical_flower":23,"minecraft:oak_planks":10,"minecraft:wall_torch":3,"minecraft:pink_petals":3,"minecraft:dark_oak_slab":456,"forbidden_arcanus:aurum_log":49,"minecraft:oak_log":32,"botania:gray_double_flower":13,"minecraft:sand":2,"minecraft:dirt":287,"minecraft:oak_leaves":127,"minecraft:emerald_block":5,"minecraft:dark_oak_leaves":122,"minecraft:decorated_pot":1,"quark:jungle_chest":1,"minecraft:oak_trapdoor":1,"silentgear:netherwood_log":10,"minecraft:stripped_spruce_log":2,"botania:runic_altar":1,"minecraft:bookshelf":6,"botania:livingrock":77,"botania:pure_daisy":1,"minecraft:stone":2,"botania:white_buried_petals":1,"minecraft:stripped_dark_oak_log":82,"minecraft:basalt":45,"minecraft:crafting_table":5,"minecraft:rose_bush":2,"minecraft:lectern":1,"botania:pink_mystical_flower":20,"botania:cyan_mystical_flower":26,"botania:red_double_flower":17,"minecraft:cactus":1,"minecraft:bee_nest":1,"botania:yellow_mystical_flower":18},"minecraft:picked_up":{"minecraft:wooden_axe":1,"minecraft:iron_chestplate":1,"exdeorum:dust":1,"minecraft:chainmail_boots":9,"minecraft:anvil":1,"minecraft:smithing_table":1,"minecraft:lead":33,"minecraft:diamond_sword":1,"minecraft:enchanted_book":2,"exdeorum:iron_ore_chunk":200,"exdeorum:stone_hammer":5,"botania:mana_tablet":4,"minecraft:string":228,"minecraft:diamond_leggings":1,"mysticalagriculture:inferium_essence":114,"minecraft:gold_nugget":36,"minecraft:cobbled_deepslate":17,"botania:hydroangeas":160,"minecraft:coal_block":1,"wstweaks:fragment":121,"minecraft:composter":15,"minecraft:cherry_log":106,"minecraft:golden_chestplate":2,"botania:manasteel_ingot":41,"minecraft:stone_sword":4,"botania:livingrock":159,"minecraft:iron_block":1,"minecraft:bookshelf":3,"botania:livingwood_log":74,"supplementaries:ash":5,"minecraft:blaze_rod":41,"minecraft:cooked_beef":7,"minecraft:water_bucket":1,"minecraft:jungle_log":241,"reliquary:molten_core":6,"minecraft:flint":148,"exdeorum:nickel_ore_chunk":139,"tombstone:familiar_receptacle":1,"sophisticatedstorage:chest":1,"minecraft:diamond_helmet":1,"silentgear:fine_silk":1,"minecraft:sheep_spawn_egg":1,"patchouli:guide_book":1,"minecraft:stripped_spruce_log":2,"sophisticatedbackpacks:iron_backpack":3,"minecraft:dark_oak_log":3030,"minecraft:bundle":3,"minecraft:granite":25,"exdeorum:copper_ore_chunk":100,"minecraft:chainmail_helmet":5,"exdeorum:gold_ore_chunk":92,"minecraft:coarse_dirt":39,"minecraft:crafting_table":5,"minecraft:nether_wart":20,"supplementaries:globe":2,"exdeorum:granite_pebble":535,"botania:pure_daisy":9,"minecraft:beef":52,"exdeorum:zinc_ore_chunk":119,"minecraft:poppy":18,"minecraft:jungle_sapling":19,"allthecompressed:cobblestone_1x":25,"minecraft:chest":2,"minecraft:egg":52,"reliquary:rib_bone":2,"exdeorum:platinum_ore_chunk":3,"quark:jungle_chest":1,"sophisticatedbackpacks:backpack":1,"minecraft:carrot":2,"ironjetpacks:jetpack":1,"exdeorum:silk_worm":6,"botania:runic_altar":1,"minecraft:stone_shovel":2,"minecraft:diamond_chestplate":1,"minecraft:decorated_pot":1,"minecraft:diamond_boots":2,"everlastingabilities:ability_bottle":2,"exdeorum:andesite_pebble":475,"tombstone:essence_of_undeath":1,"minecraft:gold_ingot":62,"sophisticatedbackpacks:copper_backpack":1,"minecraft:mutton":101,"exdeorum:crushed_deepslate":18,"minecraft:white_wool":25,"botania:rune_earth":2,"forbidden_arcanus:aurum_log":59,"minecraft:oak_log":154,"botania:rune_mana":2,"minecraft:golden_boots":1,"sophisticatedstorage:basic_tier_upgrade":1,"minecraft:apple":58,"exdeorum:stone_pebble":3015,"minecraft:spore_blossom":1,"minecraft:iron_ore":6,"tombstone:bag_of_seeds":1,"botania:manasteel_block":1,"minecraft:glass_bottle":2,"allthecompressed:sand_1x":2,"exdeorum:deepslate_pebble":528,"minecraft:dark_oak_slab":485,"exdeorum:lead_ore_chunk":136,"minecraft:gravel":2345,"minecraft:spruce_sapling":1,"forcecraft:recovery_heart":10,"exdeorum:silver_ore_chunk":99,"minecraft:leather_helmet":1,"exdeorum:aluminum_ore_chunk":91,"minecraft:stone_axe":10,"minecraft:diamond_axe":3,"minecraft:stripped_dark_oak_log":82,"minecraft:hopper":8,"minecraft:ender_pearl":4,"minecraft:wheat":424,"botania:rune_water":2,"silentgear:sinew":13,"minecraft:iron_leggings":1,"reliquary:zombie_heart":3,"botania:mana_powder":4,"botania:aura_ring":1,"minecraft:rose_bush":3,"minecraft:cobblestone_slab":36,"minecraft:azalea":1,"minecraft:iron_pickaxe":4,"silentgear:netherwood_stick":8,"tombstone:scroll_of_lightning_resistance":1,"minecraft:stick":2354,"apotheosis:gem":15,"minecraft:torch":55,"tombstone:grave_dust":34,"minecraft:pointed_dripstone":36,"minecraft:cactus":2,"minecraft:rotten_flesh":129,"minecraft:music_disc_ward":1,"exdeorum:tin_ore_chunk":139,"silentgear:netherwood_log":10,"minecraft:obsidian":16,"minecraft:cobblestone":475,"exdeorum:crook":1,"exdeorum:osmium_ore_chunk":91,"minecraft:pink_petals":12,"exdeorum:basalt_pebble":505,"minecraft:andesite":20,"powah:binding_card":1,"minecraft:potato":11330,"minecraft:wither_skeleton_skull":4,"minecraft:lapis_lazuli":140,"minecraft:dirt":997,"botania:mana_diamond":3,"minecraft:bone":177,"silentgear:netherwood_sapling":9,"minecraft:bow":10,"minecraft:wheat_seeds":1114,"everlastingabilities:ability_totem":13,"forcecraft:pile_of_gunpowder":7,"minecraft:fletching_table":13,"minecraft:oak_planks":10,"forbidden_arcanus:growing_edelwood":2,"minecraft:poisonous_potato":166,"minecraft:jungle_planks":25,"minecraft:sand":2,"minecraft:nether_brick_stairs":2,"minecraft:grass_block":5,"minecraft:jungle_slab":93,"forbidden_arcanus:ender_pearl_fragment":13,"minecraft:diamond":85,"minecraft:bone_meal":27,"minecraft:emerald":124,"minecraft:oak_sapling":97,"minecraft:oak_leaves":1,"minecraft:nether_star":1,"reliquary:withered_rib":5,"minecraft:turtle_helmet":4,"minecraft:brown_mushroom":10,"minecraft:shield":5,"exdeorum:blackstone_pebble":480,"minecraft:oak_trapdoor":1,"minecraft:iron_axe":1,"reliquary:chelicerae":2,"minecraft:blackstone":23,"botania:mana_string":122,"minecraft:lectern":1,"minecraft:sugar_cane":109,"sophisticatedstorage:iron_chest":1,"minecraft:phantom_membrane":12,"minecraft:dark_oak_sapling":424,"reliquary:catalyzing_gland":1,"ars_nouveau:purple_archwood_sapling":1,"minecraft:trident":1,"minecraft:dark_oak_planks":44,"minecraft:arrow":52,"exdeorum:diorite_pebble":548,"productivebees:oak_wood_nest":8,"minecraft:jungle_boat":4,"minecraft:basalt":14,"minecraft:leather":85,"minecraft:ice":2,"minecraft:chainmail_chestplate":4,"minecraft:gunpowder":45,"forbidden_arcanus:aurum_sapling":44,"ae2:sky_dust":1,"simplemagnets:basicmagnet":1,"minecraft:iron_ingot":100,"minecraft:soul_sand":21,"minecraft:acacia_sapling":1,"minecraft:music_disc_chirp":1,"minecraft:book":9,"minecraft:oak_slab":384,"minecraft:emerald_block":5,"ars_nouveau:red_archwood_sapling":1,"minecraft:lava_bucket":1,"productivebees:jungle_wood_nest":1,"minecraft:amethyst_shard":66,"minecraft:blast_furnace":2,"botania:white_petal":1,"quark:oak_chest":1,"minecraft:spider_eye":13,"minecraft:trader_llama_spawn_egg":1,"minecraft:chainmail_leggings":1,"minecraft:iron_helmet":4,"minecraft:cherry_sapling":60,"sophisticatedstorage:diamond_chest":2,"tombstone:magic_scroll":6,"minecraft:coal":286,"minecraft:sunflower":4,"silentgear:sword":1}},"DataVersion":3465}